{"propertiesBar":{"properties":[{"name":"About","expanded":true,"children":[]},{"name":"Colors","expanded":true,"children":[]},{"name":"Startup","expanded":true,"children":[]},{"name":"Display","expanded":true,"children":[{"name":"Viewport size","expanded":false,"children":[]}]},{"name":"Advanced","expanded":false,"children":[]},{"name":"Compatibility settings","expanded":false,"children":[]},{"name":"Editor","expanded":true,"children":[]}],"scrollPosition":0},"openTabs":{"active":{"name":"Level 2","type":"layout"},"open":[{"name":"Start_pg","type":"layout"},{"name":"Start sheet","type":"eventSheet"},{"name":"Game sheet","type":"eventSheet"},{"name":"Level 1","type":"layout"},{"name":"loose","type":"layout"},{"name":"win","type":"layout"},{"name":"Level 2","type":"layout"},{"name":"Event sheet 1","type":"eventSheet"}]},"previewEffects":true,"previewBrowser":"default","pauseOnUnfocus":false,"projectBar":{"name":"<root>","children":[{"name":"ant_game_1","expanded":true,"children":[{"name":"Layouts","expanded":true,"children":[{"name":"Level 1","expanded":true,"children":[]},{"name":"Level 2","expanded":true,"children":[]},{"name":"loose","expanded":true,"children":[]},{"name":"win","expanded":true,"children":[]},{"name":"Start_pg","expanded":true,"children":[]}]},{"name":"Event sheets","expanded":true,"children":[{"name":"Event sheet 1","expanded":true,"children":[]},{"name":"Game sheet","expanded":true,"children":[]},{"name":"Start sheet","expanded":true,"children":[]}]},{"name":"Scripts","expanded":true,"children":[]},{"name":"Object types","expanded":true,"children":[{"name":"Enemy","expanded":true,"children":[]},{"name":"Fruit1","expanded":true,"children":[]},{"name":"Fruit2","expanded":true,"children":[]},{"name":"Fruit3","expanded":true,"children":[]},{"name":"Keyboard","expanded":true,"children":[]},{"name":"Mouse","expanded":true,"children":[]},{"name":"Next","expanded":true,"children":[]},{"name":"PlayerAnt","expanded":true,"children":[]},{"name":"Retry","expanded":true,"children":[]},{"name":"Sprite3","expanded":true,"children":[]},{"name":"Start_Button","expanded":true,"children":[]},{"name":"Text","expanded":true,"children":[]},{"name":"Text2","expanded":true,"children":[]},{"name":"Text3","expanded":true,"children":[]},{"name":"TiledBackground","expanded":true,"children":[]},{"name":"TiledBackground2","expanded":true,"children":[]},{"name":"TiledBackground3","expanded":true,"children":[]},{"name":"TiledBackground4","expanded":true,"children":[]},{"name":"Timer","expanded":true,"children":[]},{"name":"Title","expanded":true,"children":[]}]},{"name":"Families","expanded":true,"children":[]},{"name":"Timelines","expanded":true,"children":[{"name":"Eases","expanded":false,"children":[]},{"name":"Timeline 1","expanded":true,"children":[]}]},{"name":"Flowcharts","expanded":true,"children":[]},{"name":"Sounds","expanded":true,"children":[{"name":"5716783635496960.webm","expanded":true,"children":[]},{"name":"spotifydown.com - Happy to Haunted-[AudioTrimmer.com].webm","expanded":true,"children":[]},{"name":"spotifydown.com - Rowing Down the River.webm","expanded":true,"children":[]}]},{"name":"Music","expanded":true,"children":[]},{"name":"Videos","expanded":true,"children":[]},{"name":"Fonts","expanded":true,"children":[]},{"name":"Icons & screenshots","expanded":false,"children":[{"name":"icon-128.png","expanded":true,"children":[]},{"name":"icon-16.png","expanded":true,"children":[]},{"name":"icon-256.png","expanded":true,"children":[]},{"name":"icon-32.png","expanded":true,"children":[]},{"name":"icon-512.png","expanded":true,"children":[]},{"name":"icon-64.png","expanded":true,"children":[]},{"name":"loading-logo.png","expanded":true,"children":[]}]},{"name":"Files","expanded":true,"children":[]}]}]},"propertiesBarActiveObject":{"name":"Level 2","type":"layout"}}