{
	"name": "Event sheet 1",
	"events": [
		{
			"eventType": "block",
			"conditions": [
				{
					"id": "on-object-clicked",
					"objectClass": "Mouse",
					"sid": 410005831140263,
					"parameters": {
						"mouse-button": "left",
						"click-type": "clicked",
						"object-clicked": "Next"
					}
				}
			],
			"actions": [
				{
					"id": "go-to-layout",
					"objectClass": "System",
					"sid": 551326232466852,
					"parameters": {
						"layout": "Level 2"
					}
				}
			],
			"sid": 439352668937201
		},
		{
			"eventType": "block",
			"conditions": [
				{
					"id": "on-object-clicked",
					"objectClass": "Mouse",
					"sid": 329984614130310,
					"parameters": {
						"mouse-button": "left",
						"click-type": "clicked",
						"object-clicked": "Retry"
					}
				}
			],
			"actions": [
				{
					"id": "go-to-layout",
					"objectClass": "System",
					"sid": 265042869811292,
					"parameters": {
						"layout": "Level 1"
					}
				}
			],
			"sid": 521663648713019
		}
	],
	"sid": 329172517725482
}