{
	"name": "Start sheet",
	"events": [
		{
			"eventType": "comment",
			"text": "This is for the layout Start_pg only. Do no add any major game functions here."
		},
		{
			"eventType": "block",
			"conditions": [
				{
					"id": "on-object-clicked",
					"objectClass": "Mouse",
					"sid": 471351031351041,
					"parameters": {
						"mouse-button": "left",
						"click-type": "clicked",
						"object-clicked": "Start_Button"
					}
				}
			],
			"actions": [
				{
					"id": "go-to-layout",
					"objectClass": "System",
					"sid": 553464175201368,
					"parameters": {
						"layout": "Level 1"
					}
				}
			],
			"sid": 132512753028185
		}
	],
	"sid": 500693827758729
}