{
	"name": "TiledBackground2",
	"plugin-id": "TiledBg",
	"sid": 420752012481945,
	"isGlobal": false,
	"instanceVariables": [],
	"behaviorTypes": [
		{
			"behaviorId": "solid",
			"name": "Solid",
			"sid": 699564632400976
		}
	],
	"effectTypes": [],
	"image": {
		"width": 64,
		"height": 64,
		"originX": 0.5,
		"originY": 0.5,
		"originalSource": "",
		"exportFormat": "lossless",
		"exportQuality": 0.8,
		"fileType": "image/png",
		"imageSpriteId": 4662144,
		"useCollisionPoly": true,
		"tag": ""
	}
}