{
	"name": "TiledBackground",
	"plugin-id": "TiledBg",
	"sid": 496505082037778,
	"isGlobal": false,
	"instanceVariables": [
		{
			"name": "Score",
			"type": "number",
			"desc": "",
			"show": true,
			"sid": 378076936194035
		}
	],
	"behaviorTypes": [],
	"effectTypes": [],
	"image": {
		"width": 8,
		"height": 8,
		"originX": 0.5,
		"originY": 0.5,
		"originalSource": "",
		"exportFormat": "lossless",
		"exportQuality": 0.8,
		"fileType": "image/png",
		"imageSpriteId": 1105357,
		"useCollisionPoly": true,
		"tag": ""
	}
}