{
	"name": "TiledBackground3",
	"plugin-id": "TiledBg",
	"sid": 735448180724233,
	"isGlobal": false,
	"instanceVariables": [
		{
			"name": "Score",
			"type": "number",
			"desc": "",
			"show": true,
			"sid": 763985165645544
		}
	],
	"behaviorTypes": [],
	"effectTypes": [],
	"image": {
		"width": 8,
		"height": 8,
		"originX": 0.5,
		"originY": 0.5,
		"originalSource": "",
		"exportFormat": "lossless",
		"exportQuality": 0.8,
		"fileType": "image/png",
		"imageSpriteId": 2228322,
		"useCollisionPoly": true,
		"tag": ""
	}
}