{
	"name": "Level 2",
	"layers": [
		{
			"name": "Layer 0",
			"overriden": 0,
			"subLayers": [],
			"instances": [
				{
					"type": "TiledBackground3",
					"properties": {
						"initially-visible": true,
						"origin": "top-left",
						"wrap-horizontal": "repeat",
						"wrap-vertical": "repeat",
						"image-offset-x": 0,
						"image-offset-y": 0,
						"image-scale-x": 5,
						"image-scale-y": 5,
						"image-angle": 0,
						"enable-tile-randomization": true,
						"x-random": 1,
						"y-random": 1,
						"angle-random": 1,
						"blend-margin-x": 0.1,
						"blend-margin-y": 0.1
					},
					"uid": 25,
					"sid": 429622959885087,
					"tags": "",
					"instanceVariables": {
						"Score": 0
					},
					"behaviors": {},
					"instanceFolderItem": {
						"sid": 429622959885087,
						"expanded": true
					},
					"world": {
						"x": 26,
						"y": 1,
						"width": 1712.6671637381203,
						"height": 962.2278472037142,
						"originX": 0,
						"originY": 0,
						"color": [
							1,
							1,
							1,
							1
						],
						"angle": 0,
						"zElevation": 0
					}
				},
				{
					"type": "TiledBackground2",
					"properties": {
						"initially-visible": true,
						"origin": "top-left",
						"wrap-horizontal": "repeat",
						"wrap-vertical": "repeat",
						"image-offset-x": 0,
						"image-offset-y": 0,
						"image-scale-x": 1,
						"image-scale-y": 1,
						"image-angle": 0,
						"enable-tile-randomization": false,
						"x-random": 1,
						"y-random": 1,
						"angle-random": 1,
						"blend-margin-x": 0.1,
						"blend-margin-y": 0.1
					},
					"uid": 15,
					"sid": 812026471016369,
					"tags": "",
					"instanceVariables": {},
					"behaviors": {
						"Solid": {
							"properties": {
								"enabled": true,
								"tags": ""
							}
						}
					},
					"instanceFolderItem": {
						"sid": 812026471016369,
						"expanded": true
					},
					"world": {
						"x": 1,
						"y": -1,
						"width": 60,
						"height": 973,
						"originX": 0,
						"originY": 0,
						"color": [
							1,
							1,
							1,
							1
						],
						"angle": 0,
						"zElevation": 0
					}
				},
				{
					"type": "TiledBackground2",
					"properties": {
						"initially-visible": true,
						"origin": "top-left",
						"wrap-horizontal": "repeat",
						"wrap-vertical": "repeat",
						"image-offset-x": 0,
						"image-offset-y": 0,
						"image-scale-x": 1,
						"image-scale-y": 1,
						"image-angle": 0,
						"enable-tile-randomization": false,
						"x-random": 1,
						"y-random": 1,
						"angle-random": 1,
						"blend-margin-x": 0.1,
						"blend-margin-y": 0.1
					},
					"uid": 18,
					"sid": 701301194080353,
					"tags": "",
					"instanceVariables": {},
					"behaviors": {
						"Solid": {
							"properties": {
								"enabled": true,
								"tags": ""
							}
						}
					},
					"instanceFolderItem": {
						"sid": 701301194080353,
						"expanded": true
					},
					"world": {
						"x": 1659,
						"y": 0,
						"width": 60,
						"height": 973,
						"originX": 0,
						"originY": 0,
						"color": [
							1,
							1,
							1,
							1
						],
						"angle": 0,
						"zElevation": 0
					}
				},
				{
					"type": "TiledBackground2",
					"properties": {
						"initially-visible": true,
						"origin": "top-left",
						"wrap-horizontal": "repeat",
						"wrap-vertical": "repeat",
						"image-offset-x": 0,
						"image-offset-y": 0,
						"image-scale-x": 1,
						"image-scale-y": 1,
						"image-angle": 0,
						"enable-tile-randomization": false,
						"x-random": 1,
						"y-random": 1,
						"angle-random": 1,
						"blend-margin-x": 0.1,
						"blend-margin-y": 0.1
					},
					"uid": 22,
					"sid": 345465958735213,
					"tags": "",
					"instanceVariables": {},
					"behaviors": {
						"Solid": {
							"properties": {
								"enabled": true,
								"tags": ""
							}
						}
					},
					"instanceFolderItem": {
						"sid": 345465958735213,
						"expanded": true
					},
					"world": {
						"x": 0,
						"y": -2,
						"width": 1715,
						"height": 61,
						"originX": 0,
						"originY": 0,
						"color": [
							1,
							1,
							1,
							1
						],
						"angle": 0,
						"zElevation": 0
					}
				},
				{
					"type": "TiledBackground2",
					"properties": {
						"initially-visible": true,
						"origin": "top-left",
						"wrap-horizontal": "repeat",
						"wrap-vertical": "repeat",
						"image-offset-x": 0,
						"image-offset-y": 0,
						"image-scale-x": 1,
						"image-scale-y": 1,
						"image-angle": 0,
						"enable-tile-randomization": false,
						"x-random": 1,
						"y-random": 1,
						"angle-random": 1,
						"blend-margin-x": 0.1,
						"blend-margin-y": 0.1
					},
					"uid": 24,
					"sid": 985939304613160,
					"tags": "",
					"instanceVariables": {},
					"behaviors": {
						"Solid": {
							"properties": {
								"enabled": true,
								"tags": ""
							}
						}
					},
					"instanceFolderItem": {
						"sid": 985939304613160,
						"expanded": true
					},
					"world": {
						"x": 0,
						"y": 917,
						"width": 1711,
						"height": 57,
						"originX": 0,
						"originY": 0,
						"color": [
							1,
							1,
							1,
							1
						],
						"angle": 0,
						"zElevation": 0
					}
				},
				{
					"type": "Fruit1",
					"properties": {
						"initially-visible": true,
						"initial-animation": "Animation 1",
						"initial-frame": 0,
						"enable-collisions": true,
						"live-preview": false
					},
					"uid": 40,
					"sid": 369476674654539,
					"tags": "",
					"instanceVariables": {},
					"behaviors": {},
					"instanceFolderItem": {
						"sid": 369476674654539,
						"expanded": true
					},
					"world": {
						"x": 726,
						"y": 414,
						"width": 38,
						"height": 31,
						"originX": 0.44886363636363635,
						"originY": 0.5,
						"color": [
							1,
							1,
							1,
							1
						],
						"angle": 0,
						"zElevation": 0
					}
				},
				{
					"type": "Fruit2",
					"properties": {
						"initially-visible": true,
						"initial-animation": "Animation 1",
						"initial-frame": 0,
						"enable-collisions": true,
						"live-preview": false
					},
					"uid": 41,
					"sid": 762456561617940,
					"tags": "",
					"instanceVariables": {},
					"behaviors": {},
					"instanceFolderItem": {
						"sid": 762456561617940,
						"expanded": true
					},
					"world": {
						"x": 727,
						"y": 497,
						"width": 50,
						"height": 50,
						"originX": 0.5945945945945946,
						"originY": 0.42342342342342343,
						"color": [
							1,
							1,
							1,
							1
						],
						"angle": 0,
						"zElevation": 0
					}
				},
				{
					"type": "Fruit3",
					"properties": {
						"initially-visible": true,
						"initial-animation": "Animation 1",
						"initial-frame": 0,
						"enable-collisions": true,
						"live-preview": false
					},
					"uid": 42,
					"sid": 631976847283588,
					"tags": "",
					"instanceVariables": {},
					"behaviors": {},
					"instanceFolderItem": {
						"sid": 631976847283588,
						"expanded": true
					},
					"world": {
						"x": 751,
						"y": 624,
						"width": 49.74229159476852,
						"height": 42.324705562107,
						"originX": 0.5674157303370787,
						"originY": 0.577639751552795,
						"color": [
							1,
							1,
							1,
							1
						],
						"angle": 0,
						"zElevation": 0
					}
				},
				{
					"type": "Fruit3",
					"properties": {
						"initially-visible": true,
						"initial-animation": "Animation 1",
						"initial-frame": 0,
						"enable-collisions": true,
						"live-preview": false
					},
					"uid": 43,
					"sid": 658187564405444,
					"tags": "",
					"instanceVariables": {},
					"behaviors": {},
					"instanceFolderItem": {
						"sid": 658187564405444,
						"expanded": true
					},
					"world": {
						"x": 257,
						"y": 251,
						"width": 49.74229159476852,
						"height": 42.324705562107,
						"originX": 0.5674157303370787,
						"originY": 0.577639751552795,
						"color": [
							1,
							1,
							1,
							1
						],
						"angle": 0,
						"zElevation": 0
					}
				},
				{
					"type": "Fruit3",
					"properties": {
						"initially-visible": true,
						"initial-animation": "Animation 1",
						"initial-frame": 0,
						"enable-collisions": true,
						"live-preview": false
					},
					"uid": 44,
					"sid": 669042395959822,
					"tags": "",
					"instanceVariables": {},
					"behaviors": {},
					"instanceFolderItem": {
						"sid": 669042395959822,
						"expanded": true
					},
					"world": {
						"x": 643,
						"y": 194,
						"width": 49.74229159476852,
						"height": 42.324705562107,
						"originX": 0.5674157303370787,
						"originY": 0.577639751552795,
						"color": [
							1,
							1,
							1,
							1
						],
						"angle": 0,
						"zElevation": 0
					}
				},
				{
					"type": "Fruit3",
					"properties": {
						"initially-visible": true,
						"initial-animation": "Animation 1",
						"initial-frame": 0,
						"enable-collisions": true,
						"live-preview": false
					},
					"uid": 45,
					"sid": 930383306601293,
					"tags": "",
					"instanceVariables": {},
					"behaviors": {},
					"instanceFolderItem": {
						"sid": 930383306601293,
						"expanded": true
					},
					"world": {
						"x": 899,
						"y": 234,
						"width": 49.74229159476852,
						"height": 42.324705562107,
						"originX": 0.5674157303370787,
						"originY": 0.577639751552795,
						"color": [
							1,
							1,
							1,
							1
						],
						"angle": 0,
						"zElevation": 0
					}
				},
				{
					"type": "Fruit3",
					"properties": {
						"initially-visible": true,
						"initial-animation": "Animation 1",
						"initial-frame": 0,
						"enable-collisions": true,
						"live-preview": false
					},
					"uid": 46,
					"sid": 363971636933322,
					"tags": "",
					"instanceVariables": {},
					"behaviors": {},
					"instanceFolderItem": {
						"sid": 363971636933322,
						"expanded": true
					},
					"world": {
						"x": 418,
						"y": 404,
						"width": 49.74229159476852,
						"height": 42.324705562107,
						"originX": 0.5674157303370787,
						"originY": 0.577639751552795,
						"color": [
							1,
							1,
							1,
							1
						],
						"angle": 0,
						"zElevation": 0
					}
				},
				{
					"type": "Fruit3",
					"properties": {
						"initially-visible": true,
						"initial-animation": "Animation 1",
						"initial-frame": 0,
						"enable-collisions": true,
						"live-preview": false
					},
					"uid": 47,
					"sid": 731249307167934,
					"tags": "",
					"instanceVariables": {},
					"behaviors": {},
					"instanceFolderItem": {
						"sid": 731249307167934,
						"expanded": true
					},
					"world": {
						"x": 276,
						"y": 598,
						"width": 49.74229159476852,
						"height": 42.324705562107,
						"originX": 0.5674157303370787,
						"originY": 0.577639751552795,
						"color": [
							1,
							1,
							1,
							1
						],
						"angle": 0,
						"zElevation": 0
					}
				},
				{
					"type": "Fruit3",
					"properties": {
						"initially-visible": true,
						"initial-animation": "Animation 1",
						"initial-frame": 0,
						"enable-collisions": true,
						"live-preview": false
					},
					"uid": 48,
					"sid": 236881424603284,
					"tags": "",
					"instanceVariables": {},
					"behaviors": {},
					"instanceFolderItem": {
						"sid": 236881424603284,
						"expanded": true
					},
					"world": {
						"x": 366,
						"y": 745,
						"width": 49.74229159476852,
						"height": 42.324705562107,
						"originX": 0.5674157303370787,
						"originY": 0.577639751552795,
						"color": [
							1,
							1,
							1,
							1
						],
						"angle": 0,
						"zElevation": 0
					}
				},
				{
					"type": "Fruit3",
					"properties": {
						"initially-visible": true,
						"initial-animation": "Animation 1",
						"initial-frame": 0,
						"enable-collisions": true,
						"live-preview": false
					},
					"uid": 49,
					"sid": 856906652308642,
					"tags": "",
					"instanceVariables": {},
					"behaviors": {},
					"instanceFolderItem": {
						"sid": 856906652308642,
						"expanded": true
					},
					"world": {
						"x": 654,
						"y": 620,
						"width": 49.74229159476852,
						"height": 42.324705562107,
						"originX": 0.5674157303370787,
						"originY": 0.577639751552795,
						"color": [
							1,
							1,
							1,
							1
						],
						"angle": 0,
						"zElevation": 0
					}
				},
				{
					"type": "Fruit3",
					"properties": {
						"initially-visible": true,
						"initial-animation": "Animation 1",
						"initial-frame": 0,
						"enable-collisions": true,
						"live-preview": false
					},
					"uid": 50,
					"sid": 879451598565539,
					"tags": "",
					"instanceVariables": {},
					"behaviors": {},
					"instanceFolderItem": {
						"sid": 879451598565539,
						"expanded": true
					},
					"world": {
						"x": 154,
						"y": 737,
						"width": 49.74229159476852,
						"height": 42.324705562107,
						"originX": 0.5674157303370787,
						"originY": 0.577639751552795,
						"color": [
							1,
							1,
							1,
							1
						],
						"angle": 0,
						"zElevation": 0
					}
				},
				{
					"type": "Fruit3",
					"properties": {
						"initially-visible": true,
						"initial-animation": "Animation 1",
						"initial-frame": 0,
						"enable-collisions": true,
						"live-preview": false
					},
					"uid": 51,
					"sid": 538045014486834,
					"tags": "",
					"instanceVariables": {},
					"behaviors": {},
					"instanceFolderItem": {
						"sid": 538045014486834,
						"expanded": true
					},
					"world": {
						"x": 513,
						"y": 552,
						"width": 49.74229159476852,
						"height": 42.324705562107,
						"originX": 0.5674157303370787,
						"originY": 0.577639751552795,
						"color": [
							1,
							1,
							1,
							1
						],
						"angle": 0,
						"zElevation": 0
					}
				},
				{
					"type": "Fruit3",
					"properties": {
						"initially-visible": true,
						"initial-animation": "Animation 1",
						"initial-frame": 0,
						"enable-collisions": true,
						"live-preview": false
					},
					"uid": 52,
					"sid": 673172149693150,
					"tags": "",
					"instanceVariables": {},
					"behaviors": {},
					"instanceFolderItem": {
						"sid": 673172149693150,
						"expanded": true
					},
					"world": {
						"x": 569,
						"y": 268,
						"width": 49.74229159476852,
						"height": 42.324705562107,
						"originX": 0.5674157303370787,
						"originY": 0.577639751552795,
						"color": [
							1,
							1,
							1,
							1
						],
						"angle": 0,
						"zElevation": 0
					}
				},
				{
					"type": "Fruit3",
					"properties": {
						"initially-visible": true,
						"initial-animation": "Animation 1",
						"initial-frame": 0,
						"enable-collisions": true,
						"live-preview": false
					},
					"uid": 53,
					"sid": 463716727058877,
					"tags": "",
					"instanceVariables": {},
					"behaviors": {},
					"instanceFolderItem": {
						"sid": 463716727058877,
						"expanded": true
					},
					"world": {
						"x": 1006,
						"y": 458,
						"width": 49.74229159476852,
						"height": 42.324705562107,
						"originX": 0.5674157303370787,
						"originY": 0.577639751552795,
						"color": [
							1,
							1,
							1,
							1
						],
						"angle": 0,
						"zElevation": 0
					}
				},
				{
					"type": "Fruit3",
					"properties": {
						"initially-visible": true,
						"initial-animation": "Animation 1",
						"initial-frame": 0,
						"enable-collisions": true,
						"live-preview": false
					},
					"uid": 54,
					"sid": 883046593216188,
					"tags": "",
					"instanceVariables": {},
					"behaviors": {},
					"instanceFolderItem": {
						"sid": 883046593216188,
						"expanded": true
					},
					"world": {
						"x": 935,
						"y": 645,
						"width": 49.74229159476852,
						"height": 42.324705562107,
						"originX": 0.5674157303370787,
						"originY": 0.577639751552795,
						"color": [
							1,
							1,
							1,
							1
						],
						"angle": 0,
						"zElevation": 0
					}
				},
				{
					"type": "PlayerAnt",
					"properties": {
						"initially-visible": true,
						"initial-animation": "Idle",
						"initial-frame": 0,
						"enable-collisions": true,
						"live-preview": false
					},
					"uid": 55,
					"sid": 404629173712637,
					"tags": "",
					"instanceVariables": {},
					"behaviors": {
						"8Direction": {
							"properties": {
								"max-speed": 200,
								"acceleration": 600,
								"deceleration": 500,
								"directions": "dir-8",
								"set-angle": "smooth",
								"allow-sliding": false,
								"default-controls": true,
								"enabled": true
							}
						},
						"ScrollTo": {
							"properties": {
								"enabled": true
							}
						}
					},
					"instanceFolderItem": {
						"sid": 404629173712637,
						"expanded": true
					},
					"world": {
						"x": 204,
						"y": 152,
						"width": 114.31212081341387,
						"height": 82.92699472825313,
						"originX": 0.5774647887323944,
						"originY": 0.502262443438914,
						"color": [
							1,
							1,
							1,
							1
						],
						"angle": 6.275593844647187,
						"zElevation": 0
					}
				},
				{
					"type": "Fruit2",
					"properties": {
						"initially-visible": true,
						"initial-animation": "Animation 1",
						"initial-frame": 0,
						"enable-collisions": true,
						"live-preview": false
					},
					"uid": 56,
					"sid": 962748341909584,
					"tags": "",
					"instanceVariables": {},
					"behaviors": {},
					"instanceFolderItem": {
						"sid": 962748341909584,
						"expanded": true
					},
					"world": {
						"x": 424,
						"y": 145,
						"width": 50,
						"height": 50,
						"originX": 0.5945945945945946,
						"originY": 0.42342342342342343,
						"color": [
							1,
							1,
							1,
							1
						],
						"angle": 0,
						"zElevation": 0
					}
				},
				{
					"type": "Fruit2",
					"properties": {
						"initially-visible": true,
						"initial-animation": "Animation 1",
						"initial-frame": 0,
						"enable-collisions": true,
						"live-preview": false
					},
					"uid": 57,
					"sid": 814216845450981,
					"tags": "",
					"instanceVariables": {},
					"behaviors": {},
					"instanceFolderItem": {
						"sid": 814216845450981,
						"expanded": true
					},
					"world": {
						"x": 254,
						"y": 339,
						"width": 50,
						"height": 50,
						"originX": 0.5945945945945946,
						"originY": 0.42342342342342343,
						"color": [
							1,
							1,
							1,
							1
						],
						"angle": 0,
						"zElevation": 0
					}
				},
				{
					"type": "Fruit2",
					"properties": {
						"initially-visible": true,
						"initial-animation": "Animation 1",
						"initial-frame": 0,
						"enable-collisions": true,
						"live-preview": false
					},
					"uid": 58,
					"sid": 226185865089301,
					"tags": "",
					"instanceVariables": {},
					"behaviors": {},
					"instanceFolderItem": {
						"sid": 226185865089301,
						"expanded": true
					},
					"world": {
						"x": 185,
						"y": 473,
						"width": 50,
						"height": 50,
						"originX": 0.5945945945945946,
						"originY": 0.42342342342342343,
						"color": [
							1,
							1,
							1,
							1
						],
						"angle": 0,
						"zElevation": 0
					}
				},
				{
					"type": "Fruit2",
					"properties": {
						"initially-visible": true,
						"initial-animation": "Animation 1",
						"initial-frame": 0,
						"enable-collisions": true,
						"live-preview": false
					},
					"uid": 59,
					"sid": 337881405470518,
					"tags": "",
					"instanceVariables": {},
					"behaviors": {},
					"instanceFolderItem": {
						"sid": 337881405470518,
						"expanded": true
					},
					"world": {
						"x": 339,
						"y": 488,
						"width": 50,
						"height": 50,
						"originX": 0.5945945945945946,
						"originY": 0.42342342342342343,
						"color": [
							1,
							1,
							1,
							1
						],
						"angle": 0,
						"zElevation": 0
					}
				},
				{
					"type": "Fruit2",
					"properties": {
						"initially-visible": true,
						"initial-animation": "Animation 1",
						"initial-frame": 0,
						"enable-collisions": true,
						"live-preview": false
					},
					"uid": 60,
					"sid": 582196668359319,
					"tags": "",
					"instanceVariables": {},
					"behaviors": {},
					"instanceFolderItem": {
						"sid": 582196668359319,
						"expanded": true
					},
					"world": {
						"x": 355,
						"y": 639,
						"width": 50,
						"height": 50,
						"originX": 0.5945945945945946,
						"originY": 0.42342342342342343,
						"color": [
							1,
							1,
							1,
							1
						],
						"angle": 0,
						"zElevation": 0
					}
				},
				{
					"type": "Fruit2",
					"properties": {
						"initially-visible": true,
						"initial-animation": "Animation 1",
						"initial-frame": 0,
						"enable-collisions": true,
						"live-preview": false
					},
					"uid": 61,
					"sid": 309246516296571,
					"tags": "",
					"instanceVariables": {},
					"behaviors": {},
					"instanceFolderItem": {
						"sid": 309246516296571,
						"expanded": true
					},
					"world": {
						"x": 528,
						"y": 701,
						"width": 50,
						"height": 50,
						"originX": 0.5945945945945946,
						"originY": 0.42342342342342343,
						"color": [
							1,
							1,
							1,
							1
						],
						"angle": 0,
						"zElevation": 0
					}
				},
				{
					"type": "Fruit2",
					"properties": {
						"initially-visible": true,
						"initial-animation": "Animation 1",
						"initial-frame": 0,
						"enable-collisions": true,
						"live-preview": false
					},
					"uid": 62,
					"sid": 516780160456097,
					"tags": "",
					"instanceVariables": {},
					"behaviors": {},
					"instanceFolderItem": {
						"sid": 516780160456097,
						"expanded": true
					},
					"world": {
						"x": 476,
						"y": 817,
						"width": 50,
						"height": 50,
						"originX": 0.5945945945945946,
						"originY": 0.42342342342342343,
						"color": [
							1,
							1,
							1,
							1
						],
						"angle": 0,
						"zElevation": 0
					}
				},
				{
					"type": "Fruit2",
					"properties": {
						"initially-visible": true,
						"initial-animation": "Animation 1",
						"initial-frame": 0,
						"enable-collisions": true,
						"live-preview": false
					},
					"uid": 63,
					"sid": 681285213798705,
					"tags": "",
					"instanceVariables": {},
					"behaviors": {},
					"instanceFolderItem": {
						"sid": 681285213798705,
						"expanded": true
					},
					"world": {
						"x": 728,
						"y": 780,
						"width": 50,
						"height": 50,
						"originX": 0.5945945945945946,
						"originY": 0.42342342342342343,
						"color": [
							1,
							1,
							1,
							1
						],
						"angle": 0,
						"zElevation": 0
					}
				},
				{
					"type": "Fruit2",
					"properties": {
						"initially-visible": true,
						"initial-animation": "Animation 1",
						"initial-frame": 0,
						"enable-collisions": true,
						"live-preview": false
					},
					"uid": 64,
					"sid": 886808561745863,
					"tags": "",
					"instanceVariables": {},
					"behaviors": {},
					"instanceFolderItem": {
						"sid": 886808561745863,
						"expanded": true
					},
					"world": {
						"x": 972,
						"y": 733,
						"width": 50,
						"height": 50,
						"originX": 0.5945945945945946,
						"originY": 0.42342342342342343,
						"color": [
							1,
							1,
							1,
							1
						],
						"angle": 0,
						"zElevation": 0
					}
				},
				{
					"type": "Fruit2",
					"properties": {
						"initially-visible": true,
						"initial-animation": "Animation 1",
						"initial-frame": 0,
						"enable-collisions": true,
						"live-preview": false
					},
					"uid": 65,
					"sid": 636373307418871,
					"tags": "",
					"instanceVariables": {},
					"behaviors": {},
					"instanceFolderItem": {
						"sid": 636373307418871,
						"expanded": true
					},
					"world": {
						"x": 1147,
						"y": 726,
						"width": 50,
						"height": 50,
						"originX": 0.5945945945945946,
						"originY": 0.42342342342342343,
						"color": [
							1,
							1,
							1,
							1
						],
						"angle": 0,
						"zElevation": 0
					}
				},
				{
					"type": "Fruit2",
					"properties": {
						"initially-visible": true,
						"initial-animation": "Animation 1",
						"initial-frame": 0,
						"enable-collisions": true,
						"live-preview": false
					},
					"uid": 66,
					"sid": 754433612505591,
					"tags": "",
					"instanceVariables": {},
					"behaviors": {},
					"instanceFolderItem": {
						"sid": 754433612505591,
						"expanded": true
					},
					"world": {
						"x": 1406,
						"y": 764,
						"width": 50,
						"height": 50,
						"originX": 0.5945945945945946,
						"originY": 0.42342342342342343,
						"color": [
							1,
							1,
							1,
							1
						],
						"angle": 0,
						"zElevation": 0
					}
				},
				{
					"type": "Fruit2",
					"properties": {
						"initially-visible": true,
						"initial-animation": "Animation 1",
						"initial-frame": 0,
						"enable-collisions": true,
						"live-preview": false
					},
					"uid": 67,
					"sid": 412746434393031,
					"tags": "",
					"instanceVariables": {},
					"behaviors": {},
					"instanceFolderItem": {
						"sid": 412746434393031,
						"expanded": true
					},
					"world": {
						"x": 1450,
						"y": 498,
						"width": 50,
						"height": 50,
						"originX": 0.5945945945945946,
						"originY": 0.42342342342342343,
						"color": [
							1,
							1,
							1,
							1
						],
						"angle": 0,
						"zElevation": 0
					}
				},
				{
					"type": "Fruit2",
					"properties": {
						"initially-visible": true,
						"initial-animation": "Animation 1",
						"initial-frame": 0,
						"enable-collisions": true,
						"live-preview": false
					},
					"uid": 68,
					"sid": 310121379974182,
					"tags": "",
					"instanceVariables": {},
					"behaviors": {},
					"instanceFolderItem": {
						"sid": 310121379974182,
						"expanded": true
					},
					"world": {
						"x": 1248,
						"y": 517,
						"width": 50,
						"height": 50,
						"originX": 0.5945945945945946,
						"originY": 0.42342342342342343,
						"color": [
							1,
							1,
							1,
							1
						],
						"angle": 0,
						"zElevation": 0
					}
				},
				{
					"type": "Fruit1",
					"properties": {
						"initially-visible": true,
						"initial-animation": "Animation 1",
						"initial-frame": 0,
						"enable-collisions": true,
						"live-preview": false
					},
					"uid": 69,
					"sid": 777099983589177,
					"tags": "",
					"instanceVariables": {},
					"behaviors": {},
					"instanceFolderItem": {
						"sid": 777099983589177,
						"expanded": true
					},
					"world": {
						"x": 1134,
						"y": 262,
						"width": 38,
						"height": 31,
						"originX": 0.44886363636363635,
						"originY": 0.5,
						"color": [
							1,
							1,
							1,
							1
						],
						"angle": 0,
						"zElevation": 0
					}
				},
				{
					"type": "Fruit1",
					"properties": {
						"initially-visible": true,
						"initial-animation": "Animation 1",
						"initial-frame": 0,
						"enable-collisions": true,
						"live-preview": false
					},
					"uid": 70,
					"sid": 208331541923001,
					"tags": "",
					"instanceVariables": {},
					"behaviors": {},
					"instanceFolderItem": {
						"sid": 208331541923001,
						"expanded": true
					},
					"world": {
						"x": 1382,
						"y": 148,
						"width": 38,
						"height": 31,
						"originX": 0.44886363636363635,
						"originY": 0.5,
						"color": [
							1,
							1,
							1,
							1
						],
						"angle": 0,
						"zElevation": 0
					}
				},
				{
					"type": "Fruit1",
					"properties": {
						"initially-visible": true,
						"initial-animation": "Animation 1",
						"initial-frame": 0,
						"enable-collisions": true,
						"live-preview": false
					},
					"uid": 71,
					"sid": 608882897470605,
					"tags": "",
					"instanceVariables": {},
					"behaviors": {},
					"instanceFolderItem": {
						"sid": 608882897470605,
						"expanded": true
					},
					"world": {
						"x": 1537,
						"y": 207,
						"width": 38,
						"height": 31,
						"originX": 0.44886363636363635,
						"originY": 0.5,
						"color": [
							1,
							1,
							1,
							1
						],
						"angle": 0,
						"zElevation": 0
					}
				},
				{
					"type": "Fruit1",
					"properties": {
						"initially-visible": true,
						"initial-animation": "Animation 1",
						"initial-frame": 0,
						"enable-collisions": true,
						"live-preview": false
					},
					"uid": 72,
					"sid": 876033186557276,
					"tags": "",
					"instanceVariables": {},
					"behaviors": {},
					"instanceFolderItem": {
						"sid": 876033186557276,
						"expanded": true
					},
					"world": {
						"x": 1376,
						"y": 345,
						"width": 38,
						"height": 31,
						"originX": 0.44886363636363635,
						"originY": 0.5,
						"color": [
							1,
							1,
							1,
							1
						],
						"angle": 0,
						"zElevation": 0
					}
				},
				{
					"type": "Fruit1",
					"properties": {
						"initially-visible": true,
						"initial-animation": "Animation 1",
						"initial-frame": 0,
						"enable-collisions": true,
						"live-preview": false
					},
					"uid": 73,
					"sid": 297413832908264,
					"tags": "",
					"instanceVariables": {},
					"behaviors": {},
					"instanceFolderItem": {
						"sid": 297413832908264,
						"expanded": true
					},
					"world": {
						"x": 1498,
						"y": 587,
						"width": 38,
						"height": 31,
						"originX": 0.44886363636363635,
						"originY": 0.5,
						"color": [
							1,
							1,
							1,
							1
						],
						"angle": 0,
						"zElevation": 0
					}
				},
				{
					"type": "Fruit1",
					"properties": {
						"initially-visible": true,
						"initial-animation": "Animation 1",
						"initial-frame": 0,
						"enable-collisions": true,
						"live-preview": false
					},
					"uid": 74,
					"sid": 688880073669949,
					"tags": "",
					"instanceVariables": {},
					"behaviors": {},
					"instanceFolderItem": {
						"sid": 688880073669949,
						"expanded": true
					},
					"world": {
						"x": 1265,
						"y": 625,
						"width": 38,
						"height": 31,
						"originX": 0.44886363636363635,
						"originY": 0.5,
						"color": [
							1,
							1,
							1,
							1
						],
						"angle": 0,
						"zElevation": 0
					}
				},
				{
					"type": "Fruit1",
					"properties": {
						"initially-visible": true,
						"initial-animation": "Animation 1",
						"initial-frame": 0,
						"enable-collisions": true,
						"live-preview": false
					},
					"uid": 75,
					"sid": 706364499368721,
					"tags": "",
					"instanceVariables": {},
					"behaviors": {},
					"instanceFolderItem": {
						"sid": 706364499368721,
						"expanded": true
					},
					"world": {
						"x": 1343,
						"y": 796,
						"width": 38,
						"height": 31,
						"originX": 0.44886363636363635,
						"originY": 0.5,
						"color": [
							1,
							1,
							1,
							1
						],
						"angle": 0,
						"zElevation": 0
					}
				},
				{
					"type": "Fruit1",
					"properties": {
						"initially-visible": true,
						"initial-animation": "Animation 1",
						"initial-frame": 0,
						"enable-collisions": true,
						"live-preview": false
					},
					"uid": 76,
					"sid": 902070999645948,
					"tags": "",
					"instanceVariables": {},
					"behaviors": {},
					"instanceFolderItem": {
						"sid": 902070999645948,
						"expanded": true
					},
					"world": {
						"x": 1538,
						"y": 778,
						"width": 38,
						"height": 31,
						"originX": 0.44886363636363635,
						"originY": 0.5,
						"color": [
							1,
							1,
							1,
							1
						],
						"angle": 0,
						"zElevation": 0
					}
				},
				{
					"type": "Fruit1",
					"properties": {
						"initially-visible": true,
						"initial-animation": "Animation 1",
						"initial-frame": 0,
						"enable-collisions": true,
						"live-preview": false
					},
					"uid": 77,
					"sid": 759590320170215,
					"tags": "",
					"instanceVariables": {},
					"behaviors": {},
					"instanceFolderItem": {
						"sid": 759590320170215,
						"expanded": true
					},
					"world": {
						"x": 889,
						"y": 807,
						"width": 38,
						"height": 31,
						"originX": 0.44886363636363635,
						"originY": 0.5,
						"color": [
							1,
							1,
							1,
							1
						],
						"angle": 0,
						"zElevation": 0
					}
				},
				{
					"type": "Fruit1",
					"properties": {
						"initially-visible": true,
						"initial-animation": "Animation 1",
						"initial-frame": 0,
						"enable-collisions": true,
						"live-preview": false
					},
					"uid": 78,
					"sid": 507134966249000,
					"tags": "",
					"instanceVariables": {},
					"behaviors": {},
					"instanceFolderItem": {
						"sid": 507134966249000,
						"expanded": true
					},
					"world": {
						"x": 576,
						"y": 822,
						"width": 38,
						"height": 31,
						"originX": 0.44886363636363635,
						"originY": 0.5,
						"color": [
							1,
							1,
							1,
							1
						],
						"angle": 0,
						"zElevation": 0
					}
				},
				{
					"type": "Fruit1",
					"properties": {
						"initially-visible": true,
						"initial-animation": "Animation 1",
						"initial-frame": 0,
						"enable-collisions": true,
						"live-preview": false
					},
					"uid": 79,
					"sid": 572127740712805,
					"tags": "",
					"instanceVariables": {},
					"behaviors": {},
					"instanceFolderItem": {
						"sid": 572127740712805,
						"expanded": true
					},
					"world": {
						"x": 227,
						"y": 834,
						"width": 38,
						"height": 31,
						"originX": 0.44886363636363635,
						"originY": 0.5,
						"color": [
							1,
							1,
							1,
							1
						],
						"angle": 0,
						"zElevation": 0
					}
				},
				{
					"type": "Fruit1",
					"properties": {
						"initially-visible": true,
						"initial-animation": "Animation 1",
						"initial-frame": 0,
						"enable-collisions": true,
						"live-preview": false
					},
					"uid": 80,
					"sid": 376886629687335,
					"tags": "",
					"instanceVariables": {},
					"behaviors": {},
					"instanceFolderItem": {
						"sid": 376886629687335,
						"expanded": true
					},
					"world": {
						"x": 146,
						"y": 606,
						"width": 38,
						"height": 31,
						"originX": 0.44886363636363635,
						"originY": 0.5,
						"color": [
							1,
							1,
							1,
							1
						],
						"angle": 0,
						"zElevation": 0
					}
				},
				{
					"type": "Fruit1",
					"properties": {
						"initially-visible": true,
						"initial-animation": "Animation 1",
						"initial-frame": 0,
						"enable-collisions": true,
						"live-preview": false
					},
					"uid": 81,
					"sid": 734168750943304,
					"tags": "",
					"instanceVariables": {},
					"behaviors": {},
					"instanceFolderItem": {
						"sid": 734168750943304,
						"expanded": true
					},
					"world": {
						"x": 305,
						"y": 420,
						"width": 38,
						"height": 31,
						"originX": 0.44886363636363635,
						"originY": 0.5,
						"color": [
							1,
							1,
							1,
							1
						],
						"angle": 0,
						"zElevation": 0
					}
				},
				{
					"type": "Fruit1",
					"properties": {
						"initially-visible": true,
						"initial-animation": "Animation 1",
						"initial-frame": 0,
						"enable-collisions": true,
						"live-preview": false
					},
					"uid": 82,
					"sid": 258226104170093,
					"tags": "",
					"instanceVariables": {},
					"behaviors": {},
					"instanceFolderItem": {
						"sid": 258226104170093,
						"expanded": true
					},
					"world": {
						"x": 378,
						"y": 269,
						"width": 38,
						"height": 31,
						"originX": 0.44886363636363635,
						"originY": 0.5,
						"color": [
							1,
							1,
							1,
							1
						],
						"angle": 0,
						"zElevation": 0
					}
				},
				{
					"type": "Fruit1",
					"properties": {
						"initially-visible": true,
						"initial-animation": "Animation 1",
						"initial-frame": 0,
						"enable-collisions": true,
						"live-preview": false
					},
					"uid": 83,
					"sid": 583270166377870,
					"tags": "",
					"instanceVariables": {},
					"behaviors": {},
					"instanceFolderItem": {
						"sid": 583270166377870,
						"expanded": true
					},
					"world": {
						"x": 550,
						"y": 385,
						"width": 38,
						"height": 31,
						"originX": 0.44886363636363635,
						"originY": 0.5,
						"color": [
							1,
							1,
							1,
							1
						],
						"angle": 0,
						"zElevation": 0
					}
				},
				{
					"type": "Fruit1",
					"properties": {
						"initially-visible": true,
						"initial-animation": "Animation 1",
						"initial-frame": 0,
						"enable-collisions": true,
						"live-preview": false
					},
					"uid": 84,
					"sid": 584158415581386,
					"tags": "",
					"instanceVariables": {},
					"behaviors": {},
					"instanceFolderItem": {
						"sid": 584158415581386,
						"expanded": true
					},
					"world": {
						"x": 575,
						"y": 146,
						"width": 38,
						"height": 31,
						"originX": 0.44886363636363635,
						"originY": 0.5,
						"color": [
							1,
							1,
							1,
							1
						],
						"angle": 0,
						"zElevation": 0
					}
				}
			],
			"sid": 134232740608159,
			"effectTypes": [],
			"isInitiallyVisible": true,
			"isInitiallyInteractive": true,
			"isHTMLElementsLayer": false,
			"color": [
				1,
				1,
				1,
				1
			],
			"backgroundColor": [
				0.3686274509803922,
				0.3686274509803922,
				0.3686274509803922,
				1
			],
			"isTransparent": false,
			"parallaxX": 1,
			"parallaxY": 1,
			"scaleRate": 1,
			"forceOwnTexture": false,
			"renderingMode": "3d",
			"drawOrder": "z-order",
			"useRenderCells": false,
			"blendMode": "normal",
			"zElevation": 0,
			"global": false
		}
	],
	"scene-graphs-folder-root": {
		"items": [],
		"subfolders": []
	},
	"sid": 308572025991962,
	"nonworld-instances": [],
	"effectTypes": [],
	"width": 1708,
	"height": 960,
	"unboundedScrolling": false,
	"vpX": 0.5,
	"vpY": 0.5,
	"projection": "perspective",
	"eventSheet": "Game sheet"
}